{"freshbody_demo_201712181141":{"id":"freshbody_demo_201712181141","dataName":"freshbody_demo","time":1513568515336},"freshbody_demo_201712181143":{"id":"freshbody_demo_201712181143","dataName":"freshbody_demo","time":1513568618961},"freshbody_demo_201712181210":{"id":"freshbody_demo_201712181210","dataName":"freshbody_demo","time":1513570242250},"freshbody_demo_201712261210":{"id":"freshbody_demo_201712261210","dataName":"freshbody_demo","time":1514261448769},"freshbody_demo_201712271210":{"id":"freshbody_demo_201712271210","dataName":"freshbody_demo","time":1514347849941}}