<service>
	<id>mongodbackup.exe</id>
	<name>mongodBackup</name>
	<description>数据库备份</description>
	<executable>E:\programs\nodejs\node.exe</executable>
	<logmode>rotate</logmode>
	<argument>--harmony</argument>
	<argument>E:\projects\lovigame_bs\node_modules\node-windows\lib\wrapper.js</argument>
	<argument>--file</argument>
	<argument>E:\projects\lovigame_bs\database\mongodump</argument>
	<argument>--log</argument>
	<argument>mongodBackup wrapper</argument>
	<argument>--grow</argument>
	<argument>0.25</argument>
	<argument>--wait</argument>
	<argument>1</argument>
	<argument>--maxrestarts</argument>
	<argument>3</argument>
	<argument>--abortonerror</argument>
	<argument>n</argument>
	<argument>--stopparentfirst</argument>
	<argument>undefined</argument>
	<stoptimeout>30sec</stoptimeout>
	<workingdirectory>E:\projects\lovigame_bs</workingdirectory>
</service>